<customerlist  xmlns:scb="http://www.w3.org/customers/scb/"
 xmlns:amazon="http://www.w3.org/customers/shopping/">
	<scb:customer>
		<scb:custid>scb132</scb:custid>
        <scb:firstname>Sandra</scb:firstname>
        <scb:lastname>Rogers</scb:lastname>
		<scb:gender>Female</scb:gender>
    </scb:customer>
    <scb:customer>
		<scb:custid>scb133</scb:custid>
        <scb:firstname>Steve</scb:firstname>
        <scb:lastname>Casey</scb:lastname>
		<scb:gender>Male</scb:gender>
    </scb:customer>
    <scb:customer>
		<scb:custid>scb134</scb:custid>
        <scb:firstname>Michelle</scb:firstname>
        <scb:lastname>Michaels</scb:lastname>
		<scb:gender>Male</scb:gender>
    </scb:customer>
	<amazon:customer>
		<amazon:custid>scb132</amazon:custid>
		<amazon:items>Fridge</amazon:items>
        <amazon:amount>50000</amazon:amount>
    </amazon:customer>
    <amazon:customer>
		<amazon:custid>scb133</amazon:custid>
		<amazon:items>TV</amazon:items>
        <amazon:amount>80000</amazon:amount>
     </amazon:customer>
    <amazon:customer>
		<amazon:custid>scb134</amazon:custid>
		<amazon:items>Mobile</amazon:items>
        <amazon:amount>20000</amazon:amount>
     </amazon:customer>   
</customerlist>

