<customers xmlns:scb="http://www.w3.org/customers/scb/">
	<customer>
		<custid>scb132</custid>
        <firstname>Sandra</firstname>
        <lastname>Rogers</lastname>
		<gender>Female</gender>
		<type>Savings</type>
		<balance>100000</balance>
    </customer>
    <customer>
		<custid>scb133</custid>
        <firstname>Steve</firstname>
        <lastname>Casey</lastname>
		<gender>Male</gender>
		<type>Current</type>
		<balance>300000</balance>
    </customer>
    <customer>
		<custid>scb134</custid>
        <firstname>Michelle</firstname>
        <lastname>Michaels</lastname>
		<gender>Male</gender>
		<type>Savings</type>
		<balance>200000</balance>
    </customer>
</customers>


