[
    {
        "id": 1,
        "firstName": "Sundar",
        "lastName": "Pichai",
        "email": "sundar.pichai@google.com"
    },
    {
        "id": 2,
        "firstName": "Satya",
        "lastName": "Nadella",
        "email": "satya.nadella@microsoft.com"
    },
    {
        "id": 3,
        "firstName": "Jeff",
        "lastName": "Bezos",
        "email": "jeff.bezos@amazon.com"
    },
    {
        "id": 4,
        "firstName": "Sergey",
        "lastName": "Brin",
        "email": "sergey.brin@google.com"
    },
    {
        "id": 5,
        "firstName": "Larry",
        "lastName": "Page",
        "email": "larry.page@google.com"
    }
]